<?xml version="1.0" encoding="utf-8"?>
<extension type="component" version="3.2.0" method="upgrade">
 
	<name>COM_REFERENCE</name>
	<!-- The following elements are optional and free of formatting constraints -->
	<creationDate>29 June 2020</creationDate>
	<author>Geoff Markley</author>
	<authorEmail>geoffm@labyrinth.net.au</authorEmail>
	<authorUrl>http://www.ormondskiclub.com.au</authorUrl>
	<copyright>Copyright Info</copyright>
	<license>License Info</license>
	<!--  The version string is recorded in the components table -->
	<version>1.8.6</version>
	<!-- The description is optional and defaults to the name -->
	<description>COM_REFERENCE_DESCRIPTION</description>
	<install> <!-- Runs on install -->
		<sql>
			<file driver="mysql" charset="utf8">sql/install.mysql.utf8.sql</file>
		</sql>
	</install>
	<uninstall> <!-- Runs on uninstall -->
		<sql>
			<file driver="mysql" charset="utf8">sql/uninstall.mysql.utf8.sql</file>
		</sql>
	</uninstall>
 
	<update> <!-- Runs on update; New since J2.5 -->
		<schemas>
			<schemapath type="mysql">sql/updates/mysql</schemapath>
		</schemas>
	</update>
 
	<!-- Site Main File Copy Section -->
	<!-- Note the folder attribute: This attribute describes the folder
		to copy FROM in the package to install therefore files copied
		in this section are copied from /site/ in the package -->
	<files folder="site">
		<filename>index.html</filename>
		<filename>reference.php</filename>
		
	</files>
 
	<administration>
		<!-- Administration Menu Section -->
		<menu link='index.php?option=com_reference&amp;view=memberrates'>COM_REFERENCE_MENU</menu>
		<submenu>
		<menu link="option=com_reference&amp;view=memberrates" view="memberrates"
				img="class:reference-memberrates" alt="Reference/Memberrates">COM_REFERENCE_MEMBER_RATES</menu>
		<menu link="option=com_reference&amp;view=summerrates" view="summerrates"
				img="class:reference-summerrates" alt="Reference/Summerrates">COM_REFERENCE_SUMMER_RATES</menu>
		<menu link="option=com_reference&amp;view=winterrates" view="winterrates"
				img="class:reference-winterrates" alt="Reference/Winterrates">COM_REFERENCE_WINTER_RATES</menu>
		<menu link="option=com_reference&amp;view=studentdates" view="studentdates"
				img="class:reference-studentdates" alt="Reference/Studentdates">COM_REFERENCE_STUDENT_DATES</menu>
		<menu link="option=com_reference&amp;view=presdates" view="presdates"
				img="class:reference-presdates" alt="Reference/Presdates">COM_REFERENCE_PRES_DATES</menu>
		<menu link="option=com_reference&amp;view=champdates" view="champdates"
				img="class:reference-champdates" alt="Reference/Champdates">COM_REFERENCE_CHAMP_DATES</menu>
		<menu link="option=com_reference&amp;view=seasondates" view="seasondates"
				img="class:reference-seasondates" alt="Reference/Seasondates">COM_REFERENCE_SEASON_DATES</menu>
		<menu link="option=com_reference&amp;view=champagners" view="champagners"
				img="class:reference-champagners" alt="Reference/Champagners">COM_REFERENCE_CHAMPAGNERS</menu>
		<menu link="option=com_reference&amp;view=presidents" view="presidents"
				img="class:reference-presidents" alt="Reference/Presidents">COM_REFERENCE_PRESIDENTS</menu>
		</submenu>
		<!-- Administration Main File Copy Section -->
		<!-- Note the folder attribute: This attribute describes the folder
			to copy FROM in the package to install therefore files copied
			in this section are copied from /admin/ in the package -->
		<files folder="admin">
			<!-- Admin Main File Copy Section -->
			<filename>index.html</filename>
			<filename>reference.php</filename>
			<filename>controller.php</filename>
			<!-- SQL files section -->
			<folder>sql</folder>
			<!-- tables files section -->
			<folder>tables</folder>
			<!-- models files section -->
			<folder>models</folder>
			<!-- views files section -->
			<folder>views</folder>
			<!-- controllers files section -->
			<folder>controllers</folder>
			<!-- helpers files section -->
			<folder>helpers</folder>
		</files>
		<languages folder="admin/language">
        		<language tag="en-GB">en-GB/en-GB.com_reference.ini</language>
                <language tag="en-GB">en-GB/en-GB.com_reference.sys.ini</language>
		</languages>
	</administration>
 
</extension>